Danny,Bender,34,Tunisia,5730000,501-319-0524
Edward,Jones,42,New Zealand,5050000,924-887-4943
Brett,Carter,27,Niue,190000,(898)961-4242
Samuel,Mccullough,19,Djibouti,1070000,629.509.6026x415
Emily,Garcia,26,South Georgia and the South Sandwich Islands,5720000,001-413-240-5592x4296
Julian,Coleman,41,Senegal,2830000,723-544-8719
Darryl,Pearson,34,Cook Islands,4690000,+1-802-853-2659
John,Davis,16,Honduras,8450000,5549825691
Mark,Miller,32,Czech Republic,3180000,5273891790
Jennifer,Dixon,45,Albania,6310000,001-928-654-4913x400
Brian,Murray,45,Morocco,9190000,3563995812
Latoya,Moody,23,Liechtenstein,9680000,317-477-8460x316
Mark,Rodriguez,21,Jamaica,8230000,778-201-3453
Christopher,Mccormick,38,New Zealand,2580000,001-453-396-3721x29661
Brian,Roberts,30,Barbados,1130000,001-741-998-3225
Tara,Kim,43,Lesotho,4490000,(938)778-5530x8788
Bradley,Alvarez,17,Monaco,9800000,(992)978-4878
Olivia,Scott,19,Reunion,6330000,001-478-510-3240x17170
Mary,Rice,21,Oman,460000,436.855.5799x4598
Lindsay,Martinez,16,Cape Verde,2710000,876.227.2555x959
Robert,Tate,33,Moldova,3150000,6889764667
Aaron,Fernandez,43,Bhutan,9960000,+1-848-342-5300x56622
Marcus,Jones,30,British Virgin Islands,9180000,6554930817
Mary,Morris,41,Norway,1700000,9926497972
Justin,Brewer,19,Ukraine,4180000,+1-341-849-1240x2148
Alisha,Blackwell,45,New Zealand,5490000,001-925-822-4656x98262
Jasmine,Lee,17,Ireland,9040000,001-421-881-2000x899
Daniel,Nichols,45,Jersey,8580000,(641)208-9959
Monique,Singh,26,Finland,4280000,001-900-300-8657x8676
Brian,Mitchell,38,Togo,2470000,(571)206-9615x35145
Rodney,Price,45,Kiribati,7790000,476-995-6587x778
Wanda,Estrada,38,Bermuda,2670000,(256)602-6348x449
Kaitlin,Beard,35,Bhutan,5820000,493-887-6221x00534
Erica,Garcia,17,Egypt,460000,441-985-3036
Charles,Walton,39,Cuba,9840000,001-901-704-1616x1994
Paula,Colon,20,Italy,9630000,885-223-4924x123
Nancy,Delgado,35,Anguilla,8760000,+1-291-568-4352x8358
Elizabeth,Ramirez,42,Chad,6330000,(855)919-7453x243
Brian,Johnson,23,Central African Republic,4290000,+1-751-898-4533x283
Tracy,Delacruz,40,Mozambique,9610000,(781)882-8448
Johnny,Delgado,41,San Marino,5150000,(955)573-5289x719
Derek,Turner,22,Samoa,6240000,(724)858-1739x262
Ray,Sanders,45,Macao,5720000,001-935-878-1140x7009
Steven,Vargas,22,Morocco,9640000,+1-712-828-4368x497
Frank,Nash,19,Ecuador,6650000,001-804-473-8845x720
Dawn,Newton,25,Monaco,3280000,(750)872-0882x2190
Aaron,Long,34,Bosnia and Herzegovina,6930000,297-219-1262x41455
Sabrina,Finley,22,Israel,5580000,772.202.2660
Connie,Butler,19,Gabon,6430000,685.749.2608
Frederick,Hensley,25,South Georgia and the South Sandwich Islands,9590000,(472)783-5601
Marie,Williams,40,Ecuador,5280000,001-644-731-6516x25435
Marcus,Spence,30,Portugal,3560000,(241)706-1818x08891
Richard,Odonnell,38,British Indian Ocean Territory (Chagos Archipelago),9790000,+1-964-901-8005x82258
John,Moore,34,Italy,7050000,5459903705
Tyler,Hayes,34,Vietnam,5510000,(884)397-9121x1923
Kayla,Heath,44,Solomon Islands,9340000,001-472-786-3338x28943
Julia,Boyd,34,Algeria,7700000,(310)256-2432x28901
Russell,Adams,25,Albania,2020000,+1-771-506-2713x868
Bradley,Peterson,31,Seychelles,4350000,214.787.0548
Albert,Lutz,30,Malawi,9540000,733-954-6676
Rebecca,Garrison,37,Monaco,550000,(748)450-0649
Garrett,Henderson,20,Papua New Guinea,230000,489.409.5102x447
Michelle,Castaneda,19,Sierra Leone,5080000,001-831-361-0565x31392
Reginald,Kelley,31,Antigua and Barbuda,3350000,(916)708-9461
Julie,Wilson,28,Liberia,3950000,+1-263-332-4603x58857
Courtney,Smith,43,Mali,8660000,(282)824-1788x7310
Dwayne,Hunt,35,Ethiopia,2900000,(362)907-8506
Emily,Mills,43,Mauritius,3050000,(228)670-2123
Jessica,Gordon,26,Gabon,9940000,799-774-6116x3490
Jaime,Huffman,19,Bouvet Island (Bouvetoya),2270000,646-402-2257x06435
Suzanne,Flores,39,Poland,4420000,001-832-833-6784x570
Stephanie,Wood,41,Micronesia,690000,505.259.3612x9206
Matthew,Robinson,26,French Polynesia,1110000,965-255-6342x254
William,Sutton,41,Cocos (Keeling) Islands,6800000,6825559424
Gloria,Yu,45,Burkina Faso,9980000,561-575-2600x947
Briana,Howell,44,Haiti,1160000,8486634287
David,Johnson,23,Niger,6780000,(576)913-9061x3232
Donna,Smith,40,Bhutan,2220000,844-899-4396
Brandon,Joseph,32,Japan,1560000,539.531.2418x0611
Lisa,Boyd,21,Turks and Caicos Islands,3180000,001-935-823-6883x43337
Alexander,Parrish,32,Falkland Islands (Malvinas),5730000,+1-936-668-0066
Crystal,Carney,38,Mozambique,6720000,529-457-1872
Hannah,Parker,29,American Samoa,1860000,+1-517-238-7454x667
Jason,Moore,30,Japan,9870000,580-609-2141
Cory,Salas,24,Cyprus,9540000,+1-379-219-7103x7122
Anne,Walker,16,Saudi Arabia,1610000,796.965.4672x6801
Joshua,Haynes,40,Pakistan,4580000,+1-691-264-0049
James,Mason,22,Turkey,6700000,919.889.3017
Frances,Mayo,22,Ethiopia,240000,+1-912-719-3013x8712
Michael,Grant,40,Tonga,4900000,+1-999-757-6726x43787
Andrea,Nguyen,22,Congo,5630000,(349)534-7205x33479
Christopher,Bentley,34,Burundi,2240000,+1-834-932-6654x38611
Kevin,Charles,21,Lebanon,3580000,488.354.1911x32331
Andrea,Harrison,36,Switzerland,3320000,(423)766-0597x60969
Shannon,Griffith,27,Western Sahara,7620000,(268)713-5244x5521
Kristin,Browning,35,Mozambique,7800000,671-990-6748x5899
Robert,Walls,45,Estonia,3500000,513-921-0143
Amanda,Weaver,39,Seychelles,2360000,404-504-5468x147
Nicholas,Howard,45,Sao Tome and Principe,1490000,(338)613-0706x58414
Robert,Schroeder,40,Zimbabwe,6590000,(731)371-2566x62813
Patricia,Wilson,33,Uruguay,9460000,793.550.6987x497
Christopher,Gomez,38,Bahrain,4810000,480.576.8395
Marilyn,James,29,Seychelles,9280000,+1-222-357-8151x812
Christina,Weber,28,Iceland,6380000,001-450-246-5189x700
Frank,Lopez,22,Benin,3380000,001-250-877-6723
James,Butler,38,Mongolia,2030000,908-503-5201
Laura,Haney,23,Benin,8830000,436.436.8339x5797
Christopher,Aguilar,36,Christmas Island,2820000,507-706-3661
Nathan,Cruz,41,Pakistan,2850000,(209)919-3509x93385
Jamie,Stephens,45,Cyprus,550000,001-320-281-4780
Jeremy,Smith,34,Fiji,700000,+1-652-669-6130x6883
Morgan,Quinn,44,Slovenia,7850000,458.664.7778
Robert,Fleming,43,Tajikistan,8430000,+1-790-270-5819x030
Robert,Ryan,41,Guatemala,5900000,001-845-200-3410
Earl,Garcia,19,Bosnia and Herzegovina,6920000,(799)729-7540x463
Nicholas,Wang,31,Mexico,8550000,001-430-946-7797
Travis,Castillo,43,Guatemala,9600000,242-795-3111
Jerry,Noble,42,Saint Kitts and Nevis,3190000,439.629.7849x624
Jeffery,Fuentes,21,Djibouti,830000,001-809-759-8195x872
Daniel,Lopez,40,Macao,8460000,712-776-5385x94165
Justin,Jensen,21,Barbados,7430000,+1-823-789-5805
Willie,Preston,24,Dominica,2080000,001-857-224-7581x95654
Paul,Cooper,24,France,4840000,+1-505-498-4976x159
Tyler,Valdez,43,British Virgin Islands,520000,219.867.2949
Ashley,Cardenas,20,Swaziland,8860000,806-744-9645
Donald,Escobar,23,China,1570000,966-752-7995x744
Joanne,Goodwin,18,Pakistan,5860000,001-995-999-1801
Travis,Williams,36,Eritrea,3380000,001-358-953-3054x639
Nichole,Mendoza,24,Namibia,7840000,548.356.8211x606
Robert,Barrett,41,Zimbabwe,6330000,377-309-2875
Philip,Robertson,45,Turkmenistan,1770000,001-814-702-5647x27389
Sandra,Carter,26,Holy See (Vatican City State),7020000,001-983-785-1278
Robert,Moore,22,Uzbekistan,640000,987-978-4912x072
Zachary,Lewis,32,Belarus,1210000,+1-350-485-6581x00970
Cheryl,Johnson,35,Reunion,7540000,7363903240
Thomas,Short,19,Jamaica,5830000,+1-913-370-4781
Melissa,Vasquez,43,Lao People's Democratic Republic,2200000,228-338-3887x93310
Spencer,Underwood,40,Montserrat,4990000,(552)319-3702x2153
Jordan,Melton,28,Bhutan,8610000,496.283.3049
Peter,Berg,24,Luxembourg,6430000,391-938-9823x43261
Steven,Manning,31,Norway,4190000,(473)603-8876x9704
Jeffrey,Ruiz,17,Palau,9980000,(758)410-0110x889
Wayne,Matthews,40,Syrian Arab Republic,1970000,+1-795-622-8458x74613
Michael,Wallace,28,Belize,6470000,910.290.3543
Tammy,Burgess,33,Trinidad and Tobago,7790000,(784)490-7704
Karen,Davis,33,British Indian Ocean Territory (Chagos Archipelago),1910000,5706317229
Robert,Reed,34,Switzerland,100000,001-668-235-4507x2105
John,Harmon,25,Greenland,5320000,590-627-1324x162
Vanessa,Daniel,21,Mexico,5060000,3975622920
Toni,Hodges,27,Kiribati,1950000,883-428-2238x256
Zachary,Harvey,16,United States Minor Outlying Islands,7410000,6453546016
Hannah,Singh,20,Poland,7540000,4282752843
Joan,Graham,24,Holy See (Vatican City State),4880000,680-973-3663x6730
Jody,Miller,33,Mexico,9080000,001-916-588-5341x714
Kendra,Travis,45,Sudan,8690000,524.379.8298x6340
Ebony,Morgan,20,Australia,5640000,001-273-254-8416
Sabrina,Alexander,40,Holy See (Vatican City State),1320000,(640)940-4867x8644
Emily,Kelley,29,Palestinian Territory,8330000,(218)558-1004x451
Carolyn,Rowland,16,Saint Helena,7540000,001-528-726-8352
Sabrina,Bailey,45,Guernsey,8700000,546-417-1185x93728
Sarah,Morales,23,Palau,2080000,+1-692-422-3517x1614
Melissa,Acevedo,45,Mauritius,1490000,546.674.5181
Wesley,Hammond,37,Fiji,9830000,(554)440-5073x844
Jesus,Jones,32,Montserrat,5310000,+1-624-646-0973x603
Cody,Mercer,18,Finland,6420000,+1-365-555-0157x5845
Amy,Herrera,37,Malta,6700000,437-393-1241x439
Jenny,Bowman,34,Brunei Darussalam,5720000,001-370-380-3353x334
Frank,Evans,16,Morocco,1990000,(632)751-3267x354
Susan,Richardson,36,Moldova,880000,335.852.0919
James,Serrano,37,Cape Verde,9260000,001-444-780-1697
Crystal,Hendrix,20,Brazil,8420000,001-614-395-6714x06559
Dwayne,Simon,42,Madagascar,300000,(812)280-6453x50056
Omar,Hurley,35,Botswana,2820000,+1-763-948-0844x92719
Carlos,King,23,Nicaragua,890000,442-326-9517x8727
Brian,Ramos,18,Costa Rica,9020000,001-951-313-0335x751
Kristina,Dunn,20,Chile,8240000,745-810-2079x98152
Anthony,Owens,24,Thailand,5940000,529-492-8894
Todd,Rodgers,30,Lebanon,5000000,001-932-945-2147x86370
Jonathan,Collins,42,Saint Pierre and Miquelon,4770000,769.631.0728
Meredith,Sullivan,26,South Georgia and the South Sandwich Islands,6650000,+1-863-491-2467x6391
Billy,Francis,38,Finland,4200000,2089981501
Richard,Sanchez,38,Poland,8460000,(753)744-4216x5114
Bryan,Mills,44,Croatia,5380000,+1-385-205-5226
Sarah,Cooper,25,Venezuela,220000,001-390-516-4815x814
Alexis,Smith,20,United States of America,8000000,+1-664-625-5531
Lance,Allen,26,New Zealand,8800000,001-926-447-5110x0192
Angela,Duarte,33,Vanuatu,4670000,3053939910
Brandon,Tran,38,Germany,4550000,001-946-287-5378x32700
Jo,Golden,31,Solomon Islands,150000,828-938-5926
Carrie,Norris,30,Serbia,4870000,(911)580-8864x610
Anthony,Andrews,16,French Polynesia,5880000,657.583.7222
Susan,Buchanan,21,Algeria,6290000,499.225.8329x875
John,Williams,37,Malaysia,5160000,665-422-9409
Maria,Kane,37,Samoa,7130000,(441)348-9999x2937
Elizabeth,Tran,23,Netherlands Antilles,9870000,(988)704-6316x6689
Sean,Santiago,41,Spain,910000,728.696.4066
Jason,Cabrera,42,Niger,2980000,6363279311
Jennifer,Daniels,29,Nigeria,3950000,516-370-8723x1276
Nathaniel,Perez,29,Brazil,500000,720.477.2393x72397
Heather,Jefferson,25,Tuvalu,4120000,669.634.1271
Sally,Cowan,20,Saint Kitts and Nevis,3020000,001-222-992-3525x715
Kyle,Stewart,24,Madagascar,5960000,893.575.8933x85030
Debra,Fowler,19,Turks and Caicos Islands,10000000,+1-966-402-9244
Eric,Jones,28,Togo,9540000,928-869-9820x4285
Jennifer,George,21,Guyana,2760000,001-570-259-9849x82352
Michelle,Nielsen,16,Tokelau,8900000,955-364-7450x6977
Sarah,Thomas,45,Jersey,3720000,338.988.9181x3937
Jennifer,Jacobs,17,United States Minor Outlying Islands,7390000,001-228-601-1087x5662
Sarah,Fitzgerald,35,Cameroon,6940000,833.288.4247x3720
Robert,Harper,41,Swaziland,1170000,+1-248-532-5055x29361
Shane,Hamilton,23,Saint Martin,950000,+1-243-558-2091x2640
James,Vasquez,44,Congo,2430000,001-620-859-9513x762
Tiffany,Pena,43,Madagascar,5520000,001-587-207-0588
Kimberly,Hopkins,30,Australia,7170000,(472)803-2527x29240
April,Boyle,34,Western Sahara,2530000,760-692-9217x189
Jennifer,Hawkins,35,Tajikistan,2970000,801-845-9791
Andrew,Chan,16,Ethiopia,3630000,520-298-8504x904
Michael,Watts,29,Fiji,7740000,+1-683-453-0890x1209
Robert,Rodriguez,18,Bouvet Island (Bouvetoya),4410000,4483029023
Derek,Lewis,22,China,4930000,7927747343
Michael,Page,34,Eritrea,110000,(884)343-7430x211
Brady,Barnes,27,Nepal,3310000,+1-396-902-6347
Samuel,Kennedy,30,French Southern Territories,2940000,2942473075
Christopher,Smith,36,Falkland Islands (Malvinas),6440000,(434)205-5765x712
David,Thompson,16,Russian Federation,2900000,414-384-7232
Laura,Williams,31,Guyana,1960000,6865791085
Tyler,Harris,19,Yemen,2750000,430.258.4708x6424
Matthew,Johnson,32,Cyprus,4600000,254-885-7790x26079
Tiffany,Morales,41,Congo,5900000,(565)955-9621x258
Melissa,Roberts,43,Bouvet Island (Bouvetoya),6890000,+1-230-221-9288x888
Jessica,Ramos,28,Grenada,8950000,+1-479-889-8917x10691
Renee,Smith,28,Tunisia,2250000,585.888.7162
Jill,Christensen,44,Belarus,7960000,(551)291-5337x381
Zachary,Garcia,27,Yemen,5020000,6006924325
Carla,Chen,32,Australia,2700000,+1-402-750-8142
Cindy,Macdonald,30,Palestinian Territory,2990000,440.879.6724x6204
Mary,Hill,35,Luxembourg,4010000,3286239300
Sarah,Arroyo,42,Eritrea,4150000,001-630-355-3339x8058
Whitney,Jackson,38,Kuwait,6820000,(739)282-7979
Paul,Ingram,44,Western Sahara,4960000,+1-877-693-1016
Lindsey,Franklin,23,Colombia,7230000,8596232590
Victoria,Kerr,20,Egypt,5030000,300.882.0389x5008
Anna,Myers,36,United States of America,7480000,314.861.3937x29399
Katrina,Gonzales,24,United States Minor Outlying Islands,6480000,(701)977-1197
Katherine,Simmons,23,Guyana,1260000,472-748-8362
Tony,Ward,34,Angola,5660000,576-227-8102x73905
Sherry,Fletcher,24,Sao Tome and Principe,5690000,(886)503-2392x05990
Victoria,Haney,42,Bosnia and Herzegovina,2070000,001-719-632-4798x99180
Stacey,Daniels,30,Burundi,3030000,225.702.7593x1941
Troy,Butler,44,Burkina Faso,4780000,+1-652-961-9999x14251
Jeffrey,Carter,19,Namibia,9390000,(336)834-5528
Anthony,Kelly,16,Andorra,9940000,(609)428-9096x78709
Ashley,Clark,19,Botswana,9420000,309.522.7413x91000
Julie,Grant,31,Saint Vincent and the Grenadines,630000,(682)912-7390x67474
Kyle,Martin,41,San Marino,3110000,(594)212-3265
Herbert,Anderson,42,Trinidad and Tobago,6920000,582-256-9504
Heather,Andrade,24,South Georgia and the South Sandwich Islands,6740000,552.410.0348x16757
Henry,Olson,29,Guatemala,1500000,(251)227-7361x5724
Jon,Lucas,18,Rwanda,7890000,617.782.0804x7641
Caitlin,Flores,41,Vietnam,8640000,+1-562-246-8559
Lisa,Johnson,34,Lesotho,5050000,8899792977
Lindsey,Evans,34,Holy See (Vatican City State),3410000,448.426.2799x87751
Maria,Robinson,30,Brunei Darussalam,8650000,387.420.8304
Rhonda,Powell,30,Saint Helena,4430000,(996)594-2791
David,Roberts,37,Tonga,6590000,001-883-959-6123x927
Lori,Trujillo,19,Cape Verde,8950000,9348603895
Yvonne,Horton,39,Guernsey,2060000,259-917-6050
Andre,Herrera,41,Bosnia and Herzegovina,3670000,5024868731
John,Kennedy,25,Somalia,6710000,001-785-549-0321x8948
Amanda,Ramos,34,Latvia,2270000,001-414-340-4692x9890
Paula,Farmer,22,Sudan,3550000,(605)756-2924x6030
Christopher,Gardner,17,Saint Barthelemy,2970000,001-870-793-3244x173
Frederick,Rowe,31,Saint Pierre and Miquelon,8450000,001-598-234-9453x4516
John,Bowen,29,Chad,390000,(509)313-1039x3937
Monica,Robinson,24,Moldova,9540000,+1-256-687-5108x1668
Alexandra,Arnold,29,Angola,9180000,+1-974-982-3874x4306
Benjamin,Reynolds,34,Djibouti,2900000,001-588-880-2030
Joanna,Pace,43,British Indian Ocean Territory (Chagos Archipelago),670000,+1-486-519-3079x490
Tina,Hebert,38,Montserrat,7320000,790.488.9738x723
Joy,Barnett,42,Hungary,2200000,(329)537-9841x011
Gabrielle,Allison,34,Gabon,4780000,+1-613-409-2416
James,Powell,31,Djibouti,3420000,+1-884-349-1781x3553
Christopher,Ford,35,France,8210000,9352996851
Tony,Davis,20,Fiji,7770000,(985)412-9126
Rhonda,Lewis,44,Japan,7630000,243.429.0814
Bruce,Wagner,20,Japan,4730000,987.530.4865x9552
Susan,Jones,40,Lao People's Democratic Republic,2640000,(429)846-8021x90146
Beverly,Salinas,43,Gabon,3260000,462.600.6434x7710
Daniel,Morris,24,India,250000,001-794-747-1563x555
Ryan,Mclaughlin,29,Gabon,4860000,+1-429-884-4406
Troy,Johnson,41,Bosnia and Herzegovina,6370000,+1-571-683-0586x964
Janet,Santana,18,Belarus,7390000,(777)864-1895
Anita,Howell,45,Central African Republic,4110000,001-739-932-6315x074
Jamie,Castillo,45,Brazil,8990000,240.826.2023
Tara,Moore,18,Honduras,3140000,(823)795-3948
Paul,Stone,20,Morocco,4820000,485.208.9429x73747
Alan,Williams,34,Lesotho,9030000,307-842-7166x3876
Christine,Dennis,43,Cook Islands,6420000,4916256425
Nancy,Boyd,42,Turkey,6020000,4896740482
Jason,Humphrey,44,Croatia,3540000,+1-994-704-2247x190
Shelby,Johnson,26,Cyprus,1870000,405-527-0855
Crystal,Barton,23,Iran,1500000,2994241206
Mariah,Wright,16,Reunion,8530000,6854196306
Duane,Goodman,24,Azerbaijan,9980000,560.786.3973x9379
John,Estrada,22,North Macedonia,670000,+1-525-240-2790x85897
Rachel,Gibson,19,Bahamas,8700000,8062981601
Todd,Andrews,20,Burkina Faso,3010000,+1-475-843-0561
Donna,Orozco,18,Fiji,5630000,904.590.9605
Jacob,Jenkins,29,Tokelau,7890000,+1-435-835-3580x65989
Patricia,Rodriguez,40,Albania,1510000,(521)244-1784
Michael,Anderson,44,French Polynesia,4130000,260.270.6752x391
Jessica,Adams,38,Namibia,1660000,(883)261-3629x8802
Tina,Oliver,28,Guernsey,9910000,001-396-229-7323
Julie,Norris,17,Mozambique,350000,3653228467
Juan,Chandler,45,Mali,6300000,245.580.0218x33537
Tiffany,Warner,27,Albania,7050000,001-430-381-1909x350
Carolyn,Daniels,20,Zimbabwe,3470000,976-294-4904
John,Parrish,21,British Virgin Islands,2890000,(512)897-7889x63708
Kristina,Young,43,Guatemala,5260000,727-832-6473x46018
Kimberly,Daugherty,17,Andorra,4510000,875.607.1703x99134
John,Salas,17,Iran,640000,001-454-502-0445x74432
Christopher,Harris,43,Lebanon,8290000,679-856-2724x88031
Amber,Snyder,27,Hungary,5280000,530-479-0927
Allison,Murphy,26,Libyan Arab Jamahiriya,5030000,001-639-444-9478x2478
Timothy,Alexander,28,Turks and Caicos Islands,5890000,001-332-960-3335x333
Mark,Burch,41,Belgium,5350000,+1-703-937-8457x42243
Lindsey,Obrien,40,Canada,430000,572.245.4947
Samuel,Bond,42,Latvia,7100000,+1-882-597-8909x75945
Sheri,Hill,23,North Macedonia,380000,(331)998-5638x966
Gregory,Bryan,31,Venezuela,6750000,+1-560-261-8990x83576
Melissa,Miles,30,Trinidad and Tobago,7500000,331-955-8073x52709
Alexandria,Johnson,35,Faroe Islands,8310000,7858343881
William,Cervantes,43,Japan,730000,317-870-0464x81132
Victoria,Jackson,37,Oman,5820000,001-263-466-5553x459
Charles,Santiago,38,United States Minor Outlying Islands,4560000,201-203-8640x181
Monica,Brooks,26,Georgia,1990000,789.965.3169x98098
Jose,Lee,44,British Indian Ocean Territory (Chagos Archipelago),6490000,285-387-7160x43061
Jennifer,Anderson,42,Slovenia,5850000,594.336.1780
Jennifer,Stone,29,Uganda,5040000,439.251.3999
Jennifer,Pena,21,Algeria,4370000,797.887.6155
Timothy,Cook,45,Korea,9970000,338.584.8532
Karla,Gallagher,26,Saint Vincent and the Grenadines,5600000,448.321.7341x85043
Hannah,Oconnor,23,Timor-Leste,2430000,(635)342-0745x2064
William,Lewis,36,Marshall Islands,7330000,(540)705-1309x2268
George,Davidson,18,Taiwan,1630000,001-728-792-9450x67560
Jenna,King,34,Aruba,9450000,332-506-2948x7051
Richard,Garner,24,Serbia,4650000,224-821-9046x2038
Kayla,Larsen,38,Turks and Caicos Islands,5700000,6235548175
Steven,Kim,16,Fiji,8160000,+1-684-492-9263x326
Samuel,Kelly,36,Colombia,8300000,(420)938-2708x88837
William,Sherman,40,Martinique,8030000,556-470-5375x9834
Aaron,Thompson,26,Rwanda,6360000,761-695-0571
Paula,Curry,21,Trinidad and Tobago,5490000,+1-577-551-3732
Lori,Williams,35,Uzbekistan,8050000,559.784.3663x034
Carla,Wiley,27,Pitcairn Islands,9290000,842-318-7315x6476
Joseph,Atkinson,40,Rwanda,9140000,545.937.1092x7991
Pamela,Yates,22,Chad,3200000,+1-381-457-2464
Donna,Shelton,43,Vietnam,9570000,(689)356-2136x950
Ryan,Schwartz,20,Marshall Islands,9780000,5124355067
Christina,Bowen,37,Falkland Islands (Malvinas),7570000,(757)508-2927x57851
David,Owen,25,Northern Mariana Islands,5700000,(328)454-7348x4131
Meghan,Romero,27,United States Minor Outlying Islands,8400000,+1-426-880-0606x040
Thomas,Ruiz,25,Saint Barthelemy,5900000,846-549-8095
Ernest,Payne,19,Bhutan,9720000,(676)908-0369x5616
Wendy,Cruz,32,Bahamas,2440000,754.875.3601x8333
Alvin,Tran,41,Turks and Caicos Islands,2440000,(967)759-5789x375
Brittany,Phelps,35,Liberia,8390000,001-537-563-9692x33477
Michael,Warren,36,Zambia,210000,884.761.3249x7947
Nicholas,Hancock,28,Botswana,4800000,+1-711-711-5511
Chris,Spencer,38,Ghana,9390000,001-593-760-1211
Michael,Nguyen,18,Madagascar,3090000,710-472-7304x358
Elizabeth,Travis,26,Guadeloupe,5480000,+1-338-574-9871x56312
Katherine,Brown,18,Malta,1310000,001-557-667-6059
Gabriel,Smith,38,Cameroon,2350000,366.699.2246
Dylan,Thompson,35,Macao,2850000,001-540-702-5449x36200
Christopher,Smith,25,Moldova,8240000,580-369-4405x96178
Megan,Johnson,43,Belgium,9650000,(961)903-7211x51249
Dawn,Johnson,42,Cape Verde,440000,(367)922-8957x90453
Kim,Anderson,38,Norfolk Island,7230000,860.496.2279x3638
Craig,Carlson,37,Czech Republic,6690000,416-210-4981x30158
Gabriel,Guerrero,45,Congo,9070000,451-496-5402x4033
Andrea,Wallace,35,Austria,6130000,2942878989
Derek,Fuller,19,United Kingdom,1660000,(832)754-1745
Cynthia,Garner,16,Haiti,2310000,332-307-7154x4818
Valerie,Fleming,25,Andorra,1110000,001-230-391-8418
Heather,Dunn,28,Niger,6480000,363.254.3266x289
Dylan,Jones,27,Latvia,5660000,(583)339-9522
Renee,Anderson,45,Christmas Island,5200000,(883)823-6785
Jason,Bishop,34,Guinea,7380000,(925)538-5825
Elijah,Boyle,27,Slovenia,2720000,001-523-830-8008x21988
Kelly,Cruz,19,Lao People's Democratic Republic,8050000,413-580-2143
Colin,Massey,21,Germany,1660000,308-261-0161
Jamie,Hernandez,40,Martinique,3190000,302.721.9346x650
Dominique,Nelson,38,Poland,7750000,773-524-9983
Joseph,Ruiz,16,Christmas Island,6760000,371.434.0574x8686
Maria,Wyatt,34,Albania,9040000,(315)938-0710x740
Justin,Young,35,Poland,7100000,331.511.3395x6381
Kathleen,Smith,37,Sudan,9940000,411.247.3264x6551
Stephanie,Harvey,42,Greece,1280000,5124511938
Karina,Collins,31,Burkina Faso,2560000,001-769-965-7903x70969
Arthur,Alexander,44,Bermuda,650000,+1-307-315-6468x622
Jordan,Macdonald,19,Venezuela,3700000,001-425-716-1478x6109
Jason,Davis,26,Christmas Island,9140000,+1-268-343-3014x628
John,Mendoza,29,Tonga,7560000,964.341.0162x91113
Austin,Wallace,36,North Macedonia,8310000,589.727.7307x5498
Susan,Harrell,19,Senegal,3120000,(301)398-1367x1782
Stacey,Smith,39,Finland,6770000,680-850-5024
Hannah,Kennedy,36,Somalia,2430000,(504)996-7509x8547
Julia,Mitchell,30,Antarctica (the territory South of 60 deg S),4020000,829.406.7829x98058
Shawn,Hall,18,Martinique,5200000,001-587-625-9981x5514
Allison,Taylor,35,Mali,6290000,823.963.9830x896
Bailey,Fox,28,Antigua and Barbuda,9960000,249-309-3348x0988
Steven,Chen,37,Falkland Islands (Malvinas),3950000,501.413.5089x3267
Marie,Smith,21,Slovakia (Slovak Republic),8010000,202-932-1627
Charlene,Perez,38,Swaziland,140000,946-831-7571x56885
Maria,Jones,21,Japan,7630000,+1-305-521-5648x084
Jeffrey,Ferguson,21,Cayman Islands,5270000,(257)273-3460x6002
Courtney,Stewart,39,Tajikistan,2240000,(419)639-6341x794
Erin,Martinez,20,Malaysia,880000,622-827-5964x957
Raymond,Wang,42,Taiwan,3510000,+1-944-768-3821x6701
Erika,Miller,16,Puerto Rico,1580000,251-718-8845
Sheryl,Herrera,45,Portugal,7940000,538.994.2416x657
David,Schmidt,25,Norfolk Island,7100000,001-630-240-4477x22433
Sarah,Dougherty,37,Mali,850000,+1-957-357-1908
Amanda,Gregory,26,Iran,4290000,244-891-8305
Donna,Lee,42,Finland,5530000,(445)804-4547
Cynthia,Thompson,45,Gambia,5180000,270-773-0956x14548
Ashley,Robles,23,Eritrea,6310000,677.245.2522x76540
Robin,Hughes,38,Saudi Arabia,9990000,6713211280
Thomas,Taylor,26,Belarus,1860000,976-993-9940
Elizabeth,Johnson,23,Ireland,2320000,(429)547-4997x2847
Jennifer,Compton,35,Palau,6420000,(788)568-1783
Kara,Burch,42,French Southern Territories,1520000,336.760.3545x77300
Tiffany,Sharp,33,Saudi Arabia,2420000,9197509827
James,Thomas,38,Guatemala,930000,001-474-283-6680
Sarah,Howard,28,Dominica,7790000,+1-425-967-7806x126
Judy,Klein,40,Bermuda,1820000,4897248395
Morgan,James,27,Uruguay,5340000,214-472-6555
Patricia,Klein,29,French Southern Territories,2230000,302.252.2501x537
Brianna,Smith,37,Ukraine,820000,001-873-815-9802x06555
Joseph,Aguilar,29,Samoa,2570000,001-483-821-1489x38281
Marcus,Paul,44,Isle of Man,4840000,(695)993-7338x5071
Kelsey,Villanueva,43,Iceland,9040000,001-945-449-4939x649
Brooke,Bell,17,Barbados,880000,(293)228-7093x256
Linda,Williams,35,Slovenia,510000,+1-564-381-3433x67591
Scott,Saunders,32,Brazil,1740000,+1-320-605-2336x017
Andrew,Graham,23,United States of America,4290000,(544)543-4795x2242
Elizabeth,Ritter,29,Malawi,980000,348.311.2885
Edward,Cantu,30,Nepal,5990000,396-247-0463x2346
Jennifer,Adams,41,Dominica,490000,(329)450-0158x94738
Rita,Cox,18,Dominica,4030000,709.560.4088x5190
Kristen,Robbins,42,Japan,4900000,685.644.1786x2597
James,Mcdaniel,36,Botswana,600000,+1-262-763-2971x759
Michael,Ford,31,Armenia,3840000,647-485-9563x183
Kevin,Hall,43,Nigeria,1160000,282-503-2084
Jose,Smith,39,Mayotte,8100000,459-791-0492
Patricia,Mccarthy,21,Turkmenistan,6600000,(724)879-2201x3823
Crystal,Silva,18,Pakistan,6990000,3659465227
Sarah,Glenn,44,Congo,9500000,405-419-1061
Kenneth,Hall,17,Qatar,9830000,001-991-985-4931
James,Patterson,26,Cyprus,4440000,+1-446-847-8668x827
Sandra,Wilson,42,Bulgaria,2420000,(226)336-3186x00601
Brandon,Reynolds,35,Bangladesh,4450000,(982)630-7604x00580
David,Garcia,23,Korea,9540000,267-779-1087
Michelle,Yang,39,Seychelles,5450000,9235739340
Amy,Ashley,28,Lebanon,900000,(505)291-8593x6838
Francisco,Nash,25,Tunisia,9880000,(247)297-4585
Michael,Simon,44,Guyana,1490000,+1-705-446-7003x70919
Greg,Young,40,Malawi,4370000,(718)223-1997
Kayla,Johnson,25,Uganda,1470000,509.228.8842x6425
Cody,Day,27,Dominica,7620000,214-438-0417
Holly,Cooke,44,United Kingdom,8140000,(600)315-1472x64334
Jennifer,Eaton,20,Kiribati,270000,001-550-336-2186x3387
Christina,Huff,44,El Salvador,4030000,001-503-650-3044x0220
David,Francis,17,Indonesia,7520000,(366)729-2091
Eric,Briggs,23,French Guiana,4470000,427.602.7671x77404
Bradley,Gibbs,30,Guadeloupe,7200000,+1-429-635-2183x772
Darren,Chambers,41,Belgium,2590000,001-291-216-0578x6939
Jeffrey,Alexander,18,Oman,3470000,468.950.2995
Tracy,Steele,26,Malta,6350000,825-509-1017x7672
Christopher,Brown,42,Cuba,2200000,+1-780-943-5785x6809
Brian,Tucker,29,Comoros,3110000,(278)790-0424x892
Christine,Bridges,23,North Macedonia,5950000,213.873.3591x29894
Laura,Jacobs,38,Rwanda,1450000,649.674.8069x8458
Samuel,Anderson,17,Eritrea,2830000,536.300.4755
Joshua,Bell,39,Christmas Island,1430000,(260)906-8118
Stephen,Hall,18,Honduras,1020000,597.376.0834
Derrick,Davidson,17,Madagascar,3050000,4185052388
Angela,Roberts,22,Turks and Caicos Islands,5460000,766.478.3556x70661
Timothy,Ballard,17,Turkmenistan,8090000,933.744.1891x45309
Ryan,Hall,44,Saint Vincent and the Grenadines,6030000,315-741-0286
Katherine,Alvarez,23,United States of America,5580000,+1-207-257-4289
Robert,Lane,35,Wallis and Futuna,8100000,4576095151
John,Reyes,18,Oman,5730000,(714)584-9923x67221
Felicia,Velasquez,16,Montserrat,7630000,9112996199
Katherine,Todd,31,Belarus,1190000,001-434-681-7327x9281
Kelli,Meza,40,Sweden,7430000,+1-926-583-0114x6913
Melissa,Mitchell,20,Sudan,6050000,+1-283-853-4030x802
Gina,Howard,44,Martinique,510000,+1-524-353-5435x4132
Alexa,Yates,33,Saint Martin,1340000,(648)309-3430
Edwin,Hall,20,Guadeloupe,7280000,847.344.7742x96928
Ann,Gardner,42,Guam,7040000,381-852-5686
Robert,Kim,30,United States of America,9360000,864-326-2197
Ryan,Ware,21,Kazakhstan,9990000,420.664.9990x95150
Sheryl,Jenkins,39,Bhutan,7410000,650-668-8624x037
Eric,Little,18,Jamaica,7660000,001-510-542-9546
James,Ortiz,26,Sweden,8740000,485.420.4484x8695
Kristen,Kerr,25,Indonesia,7150000,(235)767-5480x66881
Sharon,Mitchell,20,Chad,720000,503-422-7230
Erika,Fields,30,Swaziland,3660000,(964)753-6278x591
Amanda,Navarro,42,Comoros,8060000,7548461710
Alexa,Ray,16,Indonesia,5830000,+1-673-899-3849x86801
Joseph,Martin,31,Andorra,5520000,001-316-416-5695
Heather,Kim,17,Cook Islands,8480000,556-807-9318x50409
Christopher,Lewis,39,Jamaica,6280000,633-431-4399
Scott,Fisher,44,Hungary,1430000,887.873.2773x52377
Laura,Rivera,32,Kuwait,5880000,619.317.6791x314
Hector,Rojas,27,British Virgin Islands,1480000,307-696-4743x1483
Holly,Thornton,36,Cuba,6010000,366.416.1839x790
Sarah,Mclaughlin,23,Brazil,2080000,+1-781-281-7652x78417
Dana,Banks,19,Luxembourg,9140000,(500)565-7396x7518
Lisa,Aguilar,24,Iran,1490000,001-267-229-8192x63622
Cameron,Ray,30,Falkland Islands (Malvinas),8150000,330-498-4842x21066
Jessica,Brown,23,Somalia,1450000,779-483-9812x3193
Justin,Campbell,43,Svalbard & Jan Mayen Islands,560000,(487)508-1676
Joseph,Stevens,17,Benin,4790000,7404241011
David,Nguyen,44,Mongolia,8450000,229-868-4463
Lisa,Torres,31,Lebanon,2640000,+1-759-542-4109x8056
Alex,Walker,30,Palau,8630000,624.390.3169x6330
Jason,Hancock,32,Lao People's Democratic Republic,9680000,(548)731-8910
Mark,Ayala,23,New Caledonia,540000,+1-640-292-0906x60061
Shannon,Rivera,26,Uzbekistan,570000,+1-482-704-4843
Daniel,Campbell,39,Costa Rica,1130000,909-702-3999x26386
William,Becker,28,United States Virgin Islands,7170000,+1-840-256-7633x7933
Heather,Johnson,23,British Indian Ocean Territory (Chagos Archipelago),5630000,+1-370-453-3734x08619
Annette,Welch,22,Ireland,3380000,+1-809-774-0673x6663
Brent,Fields,17,Italy,2910000,(301)959-6853x330
David,Stewart,20,Palau,3350000,748.742.0760x694
Mark,Randall,20,Nepal,8730000,001-854-801-9866x86773
John,Pineda,45,Reunion,2150000,703.639.7707
Jamie,Sandoval,43,Cambodia,9570000,535-582-9541x11336
Alicia,Burton,16,Congo,2290000,510.968.6479x94812
Amanda,Gonzalez,23,Indonesia,3770000,(635)781-9813x0618
Matthew,Roberts,21,Kuwait,7610000,2602815899
Brian,Elliott,23,Honduras,4060000,755.473.7523x6762
Russell,Stephens,43,Bolivia,4640000,3552660016
Valerie,Bell,27,Serbia,1220000,299.313.0565
Nancy,Garcia,38,Botswana,1180000,+1-708-924-0219x773
Zachary,Castillo,28,Jordan,5470000,535.727.5816x97940
Jessica,Valdez,34,Lebanon,9590000,411-867-8034x5630
Donald,Bauer,41,Paraguay,1270000,606-202-5100
David,Evans,29,San Marino,4510000,+1-632-916-0818x38567
Lindsey,Fields,38,Finland,6760000,730-495-5326
Mackenzie,Taylor,18,Wallis and Futuna,9080000,+1-530-689-5632x44748
Douglas,Lee,39,Bulgaria,2790000,621-468-8324
Emily,Ortiz,22,Cocos (Keeling) Islands,2870000,3667262674
Erin,Johnson,40,Kazakhstan,4020000,3545793973
Kent,Lawrence,30,Tuvalu,8320000,(498)791-6764
Jessica,Robinson,34,Kyrgyz Republic,7660000,+1-406-633-4650x149
Chase,Austin,29,Bahamas,6790000,798.574.1623
Jennifer,Rogers,24,China,2060000,(955)440-2133x481
Monique,Kelly,44,Saint Martin,9520000,229-413-4395
Nicole,Moore,36,Dominica,3390000,4017386110
Sara,Henderson,31,New Zealand,2790000,001-870-344-7338x68612
Laura,Bender,37,Tajikistan,1810000,+1-968-689-9262x88471
Susan,Allen,18,Niger,7900000,392.575.2989x81456
Teresa,James,38,Montserrat,9900000,5725755699
Gabrielle,Ward,33,American Samoa,3670000,+1-861-657-3995x382
Alexandra,Atkinson,28,Italy,4970000,8769242299
Jesse,White,45,Mayotte,7070000,(890)225-5820x44274
Julie,Reid,21,Tunisia,230000,001-321-221-2934
Nicolas,Walker,32,Dominica,9080000,998.675.7900x243
Robert,Mcbride,27,Ukraine,5230000,274.654.9728
Randall,Henson,34,United States Minor Outlying Islands,4890000,893-984-9505
Steven,Duncan,34,Romania,2440000,676-948-1688
Laurie,Sanchez,38,New Caledonia,8770000,624-321-0459
Mark,Horne,28,France,9370000,490-835-6004x3741
Zachary,Cunningham,33,Bangladesh,6180000,826-308-4791x108
Melissa,Holmes,23,Saint Pierre and Miquelon,9910000,+1-437-637-0158x66197
Aaron,Carey,44,Serbia,180000,(744)617-1957x119
Ronald,Harris,19,Anguilla,100000,+1-956-958-7209x581
Philip,Wiley,31,Singapore,7420000,001-757-362-1266x327
John,Lopez,34,Belize,9890000,598-622-7680
Ricky,Edwards,37,Israel,3100000,001-700-714-7594x79256
Laura,Banks,44,Cambodia,5870000,323-339-4397
Laura,Harrison,23,Equatorial Guinea,9830000,489-810-3716
Justin,Davidson,32,San Marino,3290000,001-349-585-1177x50731
James,Young,20,Svalbard & Jan Mayen Islands,5420000,001-847-395-2621x3701
Edgar,Pearson,24,Angola,9730000,645-902-8223x7937
Karen,Cox,25,Zimbabwe,3560000,+1-902-841-3772x77907
Tiffany,Sanchez,42,Malaysia,4180000,(201)999-1060
Cynthia,Hawkins,41,Tanzania,9090000,(842)839-1006x3007
Jason,Martin,18,Cook Islands,7980000,603-319-2938x847
Ashley,Bowers,29,France,3250000,440-230-5136x33877
Thomas,Reeves,18,Austria,7420000,+1-767-638-1251x35970
Tony,Acosta,16,Mozambique,4840000,385.746.4685x874
James,Allen,33,Cook Islands,100000,914-371-3702x399
Amber,Jarvis,36,Hong Kong,8890000,+1-395-323-6088
Amanda,Thompson,25,Portugal,260000,(863)249-5960x79066
Louis,Williams,42,Christmas Island,8040000,9069107530
Jenna,Downs,30,Jordan,4760000,(521)555-9503
Tracy,Soto,43,Heard Island and McDonald Islands,1910000,001-691-707-4634x6598
Henry,Hudson,36,France,2040000,(368)465-4467x3283
James,Jenkins,37,Western Sahara,5740000,878.307.3703
Ricardo,Johnson,25,Gibraltar,9800000,804.406.8977x706
Richard,Barnes,20,Swaziland,9170000,664.856.5560x71133
Kenneth,Baker,35,Paraguay,3560000,798-869-0337x240
Carol,Massey,33,Cyprus,3090000,551-626-6731x01863
Ashley,Chapman,30,Kuwait,7460000,620.533.0519
Derrick,Thomas,37,Bhutan,1770000,848-330-6317x392
Zachary,Garcia,19,Djibouti,5480000,834.718.7928x69107
Ann,Schultz,27,Canada,7440000,+1-959-835-2574
Kevin,Lee,39,Gambia,3910000,336.326.1756x762
Kayla,Brown,37,Liechtenstein,220000,554-601-0803
Patricia,Downs,38,Russian Federation,3950000,+1-521-945-5446
Nathan,Parsons,18,Haiti,150000,(863)308-8701x062
Samuel,Rodriguez,30,Iceland,4430000,845.804.6418x1568
Brianna,Case,29,Fiji,7980000,947-738-8002x5304
Ronald,Taylor,32,Reunion,7000000,(481)422-9742
Thomas,Brown,45,Tuvalu,6370000,+1-617-988-8136x4582
Carolyn,Kelley,34,France,5270000,+1-272-546-2123x632
Laura,Stephens,17,Czech Republic,8430000,001-671-795-0028x40277
John,Waters,24,Colombia,8280000,001-296-637-8106x436
Kimberly,Hicks,45,Togo,940000,(374)556-3088x310
Amanda,Williams,24,British Indian Ocean Territory (Chagos Archipelago),7320000,305.826.7003
Rose,Davis,40,Madagascar,400000,624-628-6071x1116
Susan,Kelley,41,Tajikistan,6730000,(465)585-4515
Debra,Reynolds,43,Colombia,6520000,729-494-4307
Melissa,Rodriguez,37,Guyana,1400000,472-772-4878
Joseph,Chapman,28,Bhutan,7260000,285.974.7173
Brandon,Lee,41,Micronesia,7170000,216.954.7690x437
Becky,Reilly,37,Norfolk Island,9520000,(813)393-2780x0045
Daniel,Mathis,21,Bahamas,7490000,001-389-292-9366x17931
Christine,Brown,30,Iran,3170000,001-925-408-0799x464
Jessica,Larson,24,Bermuda,900000,795.365.3119x2425
Raymond,Thompson,18,Congo,9770000,001-225-801-4301x681
Anna,Garcia,45,Guadeloupe,5380000,+1-300-658-2685x39678
Casey,Anderson,26,Zambia,7540000,001-536-804-0423x569
Willie,Dyer,42,Cook Islands,7880000,585.312.8277x7639
William,Lopez,35,Solomon Islands,1040000,(597)322-7610x056
Thomas,Ball,34,Chad,5430000,285-324-9155x73660
James,Hart,18,Bouvet Island (Bouvetoya),6690000,382.423.5291x969
Rachel,Miller,17,Colombia,3210000,001-834-459-7160x198
Abigail,Johnson,38,Saudi Arabia,9050000,313.969.5701x640
Kerry,Ruiz,37,Montenegro,4460000,001-218-666-6498x1580
Charles,Hernandez,30,El Salvador,2680000,817.865.2301
Kathryn,Brewer,17,Chad,8900000,001-902-910-0659x7863
Heather,Ray,16,Afghanistan,2930000,914-538-7634x916
Susan,Davis,29,Montenegro,5400000,+1-508-911-7640x90500
Christina,Ward,26,Madagascar,5840000,+1-628-418-5163x14781
Michael,Russell,33,Ethiopia,6600000,878-634-5000
Daniel,Carter,21,Greenland,3960000,670.435.6998x1021
Kristina,Gonzalez,17,Greece,830000,5245307990
Paula,Foster,43,Libyan Arab Jamahiriya,4280000,3417661658
Nicole,Hall,33,Indonesia,7510000,262.294.0177x984
Gary,Barton,26,Poland,9000000,(807)732-3048x975
Jamie,Stanley,18,Bangladesh,4010000,+1-610-824-8894x43997
Ryan,Dillon,17,Jordan,4320000,7518452008
Amber,Oneal,20,Grenada,580000,001-286-696-8041x22289
Mark,Webb,18,Svalbard & Jan Mayen Islands,9190000,6325698961
Deborah,Barker,26,South Georgia and the South Sandwich Islands,6120000,001-837-381-8122x46463
Alan,Rodgers,22,Belarus,6460000,322-920-2515x370
Sara,Perry,25,Cambodia,8310000,599.832.7428x4531
Tyler,Kent,32,Djibouti,5510000,797.379.4253x00926
Randall,Miller,44,Western Sahara,8650000,6722167936
Justin,Miller,31,Vanuatu,8200000,(726)757-8617x78361
Nathaniel,James,26,South Africa,6410000,001-622-835-4378x790
Scott,Rollins,35,Oman,2620000,001-879-462-1892x8976
Charles,Stark,41,Korea,4640000,+1-553-321-7442
Amy,Wilkerson,28,Suriname,6890000,987.901.1554
Amy,Saunders,34,Andorra,340000,(904)284-5088x75573
Jacob,Obrien,42,Palestinian Territory,4380000,001-826-489-8718x6000
Michael,Hines,45,French Southern Territories,7080000,251-853-9800x2252
Kenneth,Conner,16,Indonesia,6240000,281-363-2622x3921
Michelle,Larson,27,Czech Republic,4480000,419.309.3977x6373
Christopher,Faulkner,23,Puerto Rico,8350000,616.961.4041x019
David,Cummings,31,New Zealand,5150000,6564100616
Robert,Grant,26,Georgia,5010000,(710)390-2658x467
Brenda,Keller,29,Croatia,9830000,001-727-836-4999x09892
Bradley,Lara,21,Swaziland,9480000,711-971-3447x08867
Debra,Richardson,45,Panama,7160000,001-440-976-5812x158
Brooke,Grant,37,Paraguay,2830000,6549619369
Connie,Ryan,19,Hong Kong,7290000,255-434-1932x96397
Corey,Rogers,42,France,4010000,+1-234-809-6173x820
Holly,Vaughan,22,Hong Kong,2050000,9495269903
Michael,Mcgrath,33,Cook Islands,3680000,+1-940-788-1710x3311
Sharon,Robinson,21,Sudan,6230000,001-279-296-2725
Victor,Hernandez,29,Ukraine,2510000,(597)315-4505x85366
Kristen,Morrison,38,Cook Islands,2860000,5356027353
Sarah,Roberts,39,Cote d'Ivoire,4720000,+1-881-911-0830x4493
Kent,White,17,Costa Rica,8010000,(428)721-8359x9516
Catherine,Washington,24,Niue,6430000,755-840-4860
Edward,Richardson,23,Brunei Darussalam,6880000,200-842-4102
Carol,Mccarthy,34,Ukraine,7320000,326-748-9394
Amanda,Adams,39,Lao People's Democratic Republic,9860000,(546)391-7751x847
Jack,Berg,29,Netherlands,4000000,(374)510-0817
Walter,Washington,24,Congo,1680000,819.496.2737x9701
Roberto,Thompson,18,Spain,8420000,870-653-0748x08237
Richard,Foley,20,Bahamas,9580000,(243)341-3519
Carl,Murray,33,Netherlands Antilles,5940000,(902)694-7872
Brittany,Odonnell,32,Svalbard & Jan Mayen Islands,9340000,750-993-9437x80830
Catherine,Lewis,32,Seychelles,2540000,001-953-778-5992
Kenneth,Fletcher,40,Guam,8830000,900-822-8911x79559
Brittany,Terry,23,Puerto Rico,2470000,+1-572-224-9531x6644
Cassidy,Rhodes,33,British Indian Ocean Territory (Chagos Archipelago),730000,3816984767
James,Nunez,22,Korea,2350000,4995390317
Ronald,Randall,16,Serbia,1620000,977-634-3240x08348
Christopher,Russell,37,Macao,4620000,2944501360
Michael,Clark,16,Guadeloupe,1600000,001-668-988-8863
Michael,Macdonald,40,Kenya,2650000,576-622-1906
Todd,Perry,32,Tonga,1160000,348.911.0544x0305
Kristina,Ayala,17,Honduras,9570000,956.613.5653x91347
April,Stewart,41,Czech Republic,4910000,(356)692-6866
Anthony,Mills,27,Jersey,2940000,(994)629-6283x575
Ashley,Herrera,37,Tonga,1510000,+1-464-824-2911x0021
Pam,Bryant,36,Niue,8820000,506-487-9272x94489
Joanna,Spence,18,Antarctica (the territory South of 60 deg S),8240000,+1-552-632-1075
Adrian,Hughes,37,Sweden,9240000,+1-780-598-8332x89538
Kevin,Williams,38,Switzerland,4190000,(807)939-9128x1379
Erin,Guerra,26,Antarctica (the territory South of 60 deg S),6830000,001-485-720-4870x6771
Amber,Williams,43,Turks and Caicos Islands,9080000,472-772-6944x35358
Gloria,Allen,43,Sudan,8910000,+1-791-443-1246x8451
Kristen,Roberts,39,Aruba,9730000,(205)478-8541x7005
Robert,Ellis,17,Chad,1160000,001-633-766-5353x571
Ronald,Wang,28,Eritrea,7930000,(992)675-0358x9286
Jacob,French,23,Pitcairn Islands,7900000,7173914011
Stephen,Williams,24,Guatemala,4940000,229-808-3792x69841
Janet,Howard,43,Bermuda,970000,+1-266-455-1598x09288
Christopher,Jackson,44,Kuwait,6950000,689.741.4260
Fernando,Durham,40,Korea,6140000,928-472-1036x841
Robert,Hall,36,Cape Verde,6450000,001-560-708-2645x94544
Karen,Collins,36,Spain,9910000,(826)494-3461x8415
James,Blake,28,Saudi Arabia,4340000,363-713-2004
Julie,Werner,33,Georgia,3700000,+1-344-453-7478x1404
Aaron,Sanchez,34,Saint Barthelemy,2230000,001-721-229-1674x025
Gregory,Stokes,31,Rwanda,2630000,(541)931-2884x03854
Andrea,Rich,39,Norway,6210000,654.963.6002x274
Brian,Barrett,39,Trinidad and Tobago,130000,001-584-641-8874x75128
Micheal,Perez,26,Nepal,420000,+1-399-660-6796x286
Theresa,Sullivan,44,Morocco,4490000,429.661.6492x1228
Dana,Kelley,19,Djibouti,8830000,+1-907-628-6603x50865
Kristina,Brady,28,Timor-Leste,4840000,(953)587-6392x7666
Thomas,Anderson,37,Guadeloupe,4330000,+1-994-330-2235x753
Harold,Good,40,Honduras,3000000,202-454-3226
Deanna,Craig,30,Norway,6680000,+1-373-884-0665x445
Michael,Lyons,25,San Marino,3320000,001-831-829-4770
Thomas,Franklin,16,Albania,320000,6116691062
Eric,Barker,22,Swaziland,8920000,320.380.4482x454
John,Wilson,38,United States of America,9130000,228.836.0189x1383
Dustin,Weiss,26,Cook Islands,2250000,001-247-906-6664x63677
Stephanie,Perry,30,South Africa,5550000,(751)903-8520x2482
Pamela,Miller,36,Norway,8180000,(999)220-8862x65488
Jeremiah,Cox,23,Morocco,9980000,3905765280
Kayla,Gaines,45,Singapore,6920000,+1-898-456-5415x837
Kelly,Taylor,41,Mongolia,2410000,209-916-9092x2771
Robert,Wilson,35,Cuba,9750000,249.570.4939x037
Joseph,Murphy,31,Burkina Faso,9440000,297-331-5715x91861
Louis,Moore,29,Bhutan,360000,001-578-451-8894x6082
Michele,Ray,24,Belarus,4470000,+1-863-905-0725
Heidi,Mccarthy,39,Guinea,4400000,412-324-6852
Katherine,Gonzales,33,Thailand,9600000,442-286-9843x7282
Anthony,Dominguez,34,Slovenia,2810000,969-379-6983
Todd,Jordan,36,Armenia,9030000,2403700018
Cynthia,Potter,17,Bhutan,840000,+1-876-906-8553x1008
Maria,Gomez,45,Palestinian Territory,7060000,+1-849-792-6218
Dawn,Valdez,42,Cape Verde,2800000,(812)977-4326x78707
Jacob,Krause,45,Saint Helena,600000,580.591.3651x4359
Amanda,Olson,30,South Georgia and the South Sandwich Islands,4930000,001-357-335-1151x843
Kevin,Hebert,28,Cook Islands,4960000,2977551641
Kayla,Hancock,40,Singapore,4680000,(424)623-3137x68431
Christopher,Reeves,42,Malawi,3610000,+1-313-376-5373
Amy,Thomas,19,Bangladesh,8260000,652-373-8301x119
Tiffany,Villa,43,India,3510000,001-544-773-8645x9121
Justin,Evans,27,Sierra Leone,9200000,001-504-707-0530
Mathew,Gonzalez,40,Syrian Arab Republic,7350000,001-835-903-6664
Sarah,Tanner,35,Georgia,9290000,9708313139
Elizabeth,Campbell,40,Palau,270000,791-910-5478
Sherry,Cook,43,Saint Barthelemy,5780000,919-975-5292x668
Alexander,Nelson,27,Uzbekistan,9660000,(739)950-3090x325
Zachary,Moreno,32,Iran,4670000,397-337-5117
Christopher,Andersen,26,Bulgaria,3300000,001-927-593-7059x291
Benjamin,Rangel,34,Maldives,3500000,705-541-9357
Victor,Gaines,21,Armenia,4980000,(670)987-4086
Joyce,Macdonald,45,Bhutan,5660000,968-767-4985x699
Jennifer,Hopkins,30,Guam,890000,296-715-5032
Anthony,Turner,31,Bermuda,4440000,(642)988-0110x5596
Jared,Davis,27,Nauru,6570000,334-745-9777
Nicole,Johnson,33,Ireland,3040000,2505496249
Luis,Howard,44,Pitcairn Islands,1290000,810.928.2130x4351
Karen,Clayton,24,Belize,8120000,001-538-268-8499x618
Michael,Wood,36,Somalia,4960000,(326)991-9998x748
Luke,Lee,21,Honduras,7960000,700-688-7217
Ann,Strickland,40,Tunisia,2790000,383.687.7891x4477
Trevor,Sexton,34,Bahamas,1490000,622.740.2105x02323
Robin,Long,29,Bulgaria,6270000,001-243-844-7350
Sarah,Mckinney,43,China,8950000,5519500617
Sara,Leach,43,Korea,9220000,001-742-536-1086
Andrew,Sawyer,31,Saint Kitts and Nevis,5250000,001-281-805-2094x9250
Laura,Lee,39,Uruguay,2890000,(617)612-8969x6533
Karen,Tran,22,Netherlands,5410000,+1-606-485-3733
Robert,Delgado,32,Aruba,2760000,355.638.4143x044
Jason,Donaldson,42,Estonia,1930000,+1-331-772-4215x4807
Sarah,Brown,45,Swaziland,1570000,966.769.5040
Michelle,Gray,38,Marshall Islands,5360000,(760)363-6474x99409
Lisa,Marquez,31,Kiribati,4380000,441.693.2561x980
Lisa,Dillon,25,Djibouti,8450000,+1-289-320-6946x14345
Brandon,Middleton,45,Kyrgyz Republic,1630000,001-982-690-2275x8138
Morgan,Humphrey,41,Australia,7190000,+1-711-295-6813x492
Robert,Stone,41,Pakistan,1130000,(973)831-5926
Dana,Taylor,17,India,7970000,382-451-9278
Martin,Chapman,32,Tokelau,1510000,211-789-9413x30059
Lindsay,Lewis,18,Palau,1220000,3324179056
Amy,Williams,25,Mozambique,1540000,679-205-4674x04938
Stanley,Lawson,18,Slovakia (Slovak Republic),340000,921-539-7813x4892
Sergio,Brown,33,Israel,7310000,806-312-8457
Jorge,Brooks,35,Palestinian Territory,3290000,243.865.5702
Charles,Sutton,22,Puerto Rico,2280000,665-244-5174
Paul,Smith,39,Saint Lucia,4230000,3687811221
Jeffrey,May,26,Liechtenstein,8430000,387-768-0592x97532
Marisa,Bradley,44,Bahamas,1600000,001-731-513-4901x507
Sarah,Clark,24,Hungary,2760000,808-282-0698x39179
Margaret,Brown,30,Philippines,9270000,574-531-0175
Chad,Novak,17,Djibouti,3550000,+1-341-443-9859x7189
Daniel,Foster,29,Brunei Darussalam,4850000,551.385.6810x39181
Anthony,Shaffer,25,Cameroon,6450000,+1-991-376-8298x47193
Rebecca,Ramos,23,Mali,2980000,9489370712
Troy,Edwards,30,Vanuatu,490000,540.437.2332x67062
Stephanie,Jefferson,25,Burundi,5450000,(655)926-1801x1879
Travis,Hughes,39,Anguilla,3700000,202.658.0565
Hannah,Cisneros,17,Iraq,5900000,9343586062
Breanna,Quinn,26,Saudi Arabia,2300000,+1-325-648-4759x25701
James,Farmer,17,Nigeria,6770000,001-982-778-1144
Jeffrey,Miller,28,Svalbard & Jan Mayen Islands,3230000,(240)925-6404x141
Tyler,Strickland,26,Bulgaria,9570000,444-229-9024x630
Steven,Valdez,30,Bahamas,5780000,001-813-626-0735x070
Robert,Martin,36,Uruguay,9160000,363.529.1451x45405
Janice,Valdez,28,French Southern Territories,8220000,001-479-991-2350x01933
Raymond,Osborne,24,South Georgia and the South Sandwich Islands,7570000,807-316-7723
Amber,Warren,40,Northern Mariana Islands,5090000,001-971-254-3818x6329
Debra,Avila,28,American Samoa,6120000,001-796-567-7955
Wesley,Andrews,20,French Southern Territories,2610000,558-423-3091x36456
Tim,Walsh,27,Benin,7240000,+1-992-306-1306x5782
Gina,Smith,42,Japan,4560000,001-252-687-0370x682
Travis,Rivera,43,Bahamas,4330000,(599)433-1139
Stephen,Washington,44,Haiti,9470000,2477222257
Susan,Anderson,38,Togo,5280000,(776)310-3087x389
Peter,Hanson,18,Cameroon,8560000,(497)213-6709x9847
Amy,Ortiz,37,Germany,9230000,(411)736-3325x1356
Cassie,Cabrera,29,Gambia,560000,694.514.1944x30951
Heather,Robertson,37,Serbia,2720000,887.617.7582x905
Steven,Cuevas,38,Guadeloupe,9160000,513-718-2663
Cynthia,Barnes,36,British Indian Ocean Territory (Chagos Archipelago),3230000,(474)247-4560x8808
Dustin,Hernandez,27,Burkina Faso,2440000,997-312-5526x565
Deborah,Shaw,30,South Georgia and the South Sandwich Islands,4210000,563-451-2953x52118
Jamie,Gibson,26,Mali,5320000,(584)464-2738
Matthew,Browning,37,Niger,7660000,(739)241-3034
Jennifer,Cox,43,Jordan,8200000,362-281-9394x69322
Susan,Tucker,30,Palestinian Territory,5780000,239.648.5230
Alexander,Luna,45,Netherlands,1760000,+1-845-310-7978x70133
Lucas,Lewis,40,Jamaica,510000,570.232.0232x21579
Alfred,Navarro,35,Cameroon,9130000,001-971-769-0176x832
Timothy,Butler,23,Denmark,9080000,+1-510-938-9091x424
Barbara,Ramirez,30,Senegal,6760000,+1-721-337-1099x7489
Jeffrey,Ramos,17,Kiribati,9430000,(653)247-2391x69491
Jaclyn,Murphy,25,Heard Island and McDonald Islands,6460000,(916)918-4290x70114
David,Trevino,23,Christmas Island,3170000,+1-337-601-1620x54928
Christopher,Hunt,26,Mauritania,7880000,(542)804-6249x5838
Laura,Silva,17,Jersey,2410000,859-714-7294
Anthony,Ramirez,16,Bahrain,440000,235-365-4083
Terrance,Morrow,27,Puerto Rico,5880000,611.234.5960x897
Mary,Duran,32,Ireland,8430000,001-871-938-9636x167
Haley,Flores,44,Gambia,1630000,590-981-0518x829
James,Beck,17,Tokelau,3700000,(309)450-8237
Duane,Boone,32,Iceland,7540000,+1-719-956-5333
David,Hill,16,Slovenia,3500000,001-772-778-1651x4878
Megan,Hall,29,Paraguay,5130000,492.345.5988x13590
Edward,Miller,43,Fiji,5480000,904.655.2917
Crystal,Rogers,20,Azerbaijan,3540000,428.678.5885
Christina,Clark,20,Aruba,9050000,820-746-4222x161
Maria,Gray,22,Qatar,880000,(732)837-1167
Sherry,Dominguez,37,Falkland Islands (Malvinas),7590000,416-708-0848x8848
Nicole,Beck,20,Cameroon,5160000,626-800-7495x282
Adam,Simpson,34,Switzerland,4040000,(614)792-9643x77855
Richard,Harris,31,Guernsey,9490000,(369)995-8523x97165
Julie,James,18,Vanuatu,4270000,971.664.1832
Matthew,Wright,43,Northern Mariana Islands,7690000,937-370-4463
Danielle,Mayo,32,Saint Martin,6460000,(615)245-0362x0005
Christina,Mayer,32,Kuwait,6030000,689-507-0327
Joel,Williams,25,Antarctica (the territory South of 60 deg S),7670000,2368615047
Benjamin,Holmes,40,Sierra Leone,440000,409-803-5123x3229
Nicole,Hensley,30,Venezuela,7440000,001-880-526-9841
Allison,Hernandez,44,Kyrgyz Republic,8640000,001-782-598-5848
Hector,Morris,30,Mali,5510000,001-358-867-6319
Jennifer,Ramirez,35,Georgia,8650000,001-955-635-6719
Michael,Hill,22,Senegal,600000,4355748982
Christopher,Jackson,31,Armenia,3900000,001-836-527-3235x82728
Vernon,May,33,Colombia,3480000,001-546-443-0273x6687
Leah,Humphrey,20,Luxembourg,8210000,957-355-9259
Nicholas,Buck,39,Turkmenistan,8020000,417-405-9582x01526
Thomas,Perry,19,Congo,420000,+1-765-750-3943x110
Gary,Webb,28,Niue,5510000,434.998.2197x81597
Jose,Gibbs,38,Luxembourg,9470000,(768)266-0203
Jamie,Macias,16,Zimbabwe,5210000,898.988.4812x961
Shawn,Byrd,41,Jersey,6660000,(249)545-8405
April,Simpson,42,Peru,850000,(522)224-1193
Monica,Jacobson,44,British Virgin Islands,9390000,307-214-7760x0796
Victor,Combs,29,Antarctica (the territory South of 60 deg S),520000,398.345.6025
Amanda,Murphy,16,Hong Kong,1180000,952-925-3860x53378
Andrea,Austin,26,Central African Republic,1750000,966-226-4827x121
John,Hernandez,35,China,400000,(601)400-4915x8009
Leslie,Patel,18,Saint Barthelemy,4640000,(617)621-9308
Melanie,Frazier,29,Guadeloupe,8920000,(409)845-9401
Evan,Robinson,34,Azerbaijan,3390000,257.813.9891x6664
Sally,Hendricks,28,Grenada,8370000,9724315814
Margaret,Lopez,25,Uzbekistan,3980000,870-411-4504x6342
Renee,Barnett,45,Vanuatu,7710000,804.955.7484x30242
Gina,Thomas,45,Martinique,4690000,773-585-3066x1772
Jennifer,Kramer,39,San Marino,8590000,372.700.5410x381
George,Daniels,32,Armenia,3760000,+1-556-599-9995x52976
Melissa,Stark,22,Martinique,3040000,(790)225-4909
Leroy,Turner,19,Aruba,8510000,997-222-8615x725
Terri,Johnson,38,Cocos (Keeling) Islands,340000,001-268-206-0090
Tracey,Smith,40,Falkland Islands (Malvinas),6030000,728.364.1625
Donald,Walker,24,Fiji,9240000,001-621-212-1347x501
Karen,Horn,32,Brunei Darussalam,2440000,001-823-534-9257x74576
Jeremiah,Rollins,18,Uganda,2470000,001-597-824-4270x9853
Russell,Hanna,29,Benin,7470000,001-268-205-9580x50932
Arthur,Holloway,28,Martinique,8510000,220-633-0149x8720
Kimberly,Madden,40,Angola,6590000,590.397.2384x311
Kimberly,Hughes,25,Italy,5710000,(540)237-4501x52986
Ricky,Black,44,Norfolk Island,7940000,001-394-736-9186x75391
Joshua,Cameron,30,British Indian Ocean Territory (Chagos Archipelago),1100000,381-846-7601x717
Gary,Aguilar,16,Uzbekistan,3380000,(399)260-1158
Susan,Gray,36,Bahrain,8140000,(834)577-4639
Daniel,Cooke,16,Antigua and Barbuda,9080000,+1-651-587-4770
Joseph,Young,23,Spain,6670000,865.563.8529x469
Alexis,Frost,32,Tunisia,2350000,(460)342-5369
Jeffrey,Stewart,44,Guinea,1820000,+1-264-255-8074x1065
Andrew,Andrews,44,Iran,8130000,001-414-268-2239x04637
Annette,Black,16,Hungary,3680000,672.291.7833
Theresa,Davidson,34,Dominica,9480000,001-410-278-7054x63303
Christy,Hill,24,Saint Barthelemy,960000,349-752-5445
Michael,Meadows,34,Togo,4360000,248.630.6066
Karen,Flores,31,Bouvet Island (Bouvetoya),310000,(548)772-2053x723
Nathan,Olsen,17,Holy See (Vatican City State),8800000,001-689-657-5743x242
Wendy,Garcia,17,Aruba,2550000,001-407-236-8822
Angel,Klein,26,Niger,5220000,(490)823-1099x24280
Joshua,Bailey,45,Syrian Arab Republic,2270000,8273250333
Kelly,Lee,34,Turks and Caicos Islands,2850000,736.832.1548
Patricia,Smith,41,Panama,4740000,001-694-203-4709
John,Archer,21,Equatorial Guinea,9940000,+1-387-390-4282x5609
Brooke,Perry,39,Mexico,4020000,743-514-1158x13859
Diana,Rogers,21,Somalia,4490000,670-200-1164
Ricky,Cisneros,40,Indonesia,5940000,772.258.0312x121
Shelby,Smith,29,Liechtenstein,7390000,001-462-519-8967x0712
David,Walker,33,Indonesia,580000,270-382-3590x906
Ashley,Brock,30,Micronesia,7960000,7288602174
Ashley,Munoz,34,Martinique,1640000,(283)599-4672x8096
Mariah,Graham,40,Armenia,1960000,492.322.0017
Craig,Gaines,17,Norfolk Island,8560000,613.965.1847x787
Andrew,Castillo,40,Afghanistan,1580000,001-713-355-6842x72247
Joseph,Henson,36,Angola,3620000,628-970-0760
Thomas,Jackson,23,Mauritania,670000,321-447-4084x27768
Rhonda,Morrison,39,Tokelau,4960000,928-265-3392x81721
Mary,Davis,29,Tunisia,5830000,9154381255
Robert,Ford,23,Switzerland,3580000,8767683563
Wyatt,Rivera,20,Venezuela,5790000,(799)937-6360x781
Stephanie,Cole,23,Mauritius,9720000,482-399-3173x5562
Angela,Neal,22,Haiti,5010000,598-637-7959x65395
Jonathan,Parker,38,Tokelau,140000,552-518-9356x71166
Diane,Payne,37,Mali,4570000,758-794-6015x46006
Ashley,Henderson,16,Uzbekistan,5310000,661.285.1211
Kimberly,Brown,35,Vanuatu,9750000,001-568-766-6423x268
Dan,Robinson,23,Cocos (Keeling) Islands,6750000,001-392-244-5597
Denise,Wilson,45,Denmark,7240000,001-840-547-8280x69548
Dustin,Waters,29,Taiwan,2290000,(582)229-8145x6943
Christopher,Reed,38,Lao People's Democratic Republic,3030000,+1-837-645-3781x621
Jessica,Villarreal,30,Equatorial Guinea,4990000,252.521.5621x84903
Rodney,Henry,37,Gibraltar,9860000,2036053064
Robert,Norris,24,Saint Vincent and the Grenadines,7800000,539.890.5672x095
Penny,Benton,17,United States of America,7170000,620.677.8085x7386
Albert,Johnson,33,El Salvador,6330000,243-495-3152
Heather,Pruitt,22,Georgia,9350000,819.982.9491x21952
Darrell,Parks,22,Albania,8900000,7986351451
Brandy,Valencia,28,New Caledonia,7640000,353-588-8628x66714
Amanda,Jones,30,Ethiopia,1560000,723-357-3976x6242
Stacy,Smith,44,Netherlands Antilles,450000,+1-818-552-7359x751
Kimberly,Foster,23,Saint Vincent and the Grenadines,5310000,830.997.7134
Brett,Cardenas,32,New Zealand,1210000,546.239.5877
Amanda,Reilly,41,North Macedonia,8160000,264.836.6762
Gavin,Wilkins,28,Wallis and Futuna,9240000,+1-383-861-4176x3484
Elizabeth,Hoffman,44,Japan,3350000,(982)741-2246x14682
George,Brown,42,Burundi,180000,886.852.8228
William,Jacobson,25,Palestinian Territory,9730000,221-512-8985
Robert,Diaz,33,Vanuatu,8740000,+1-796-504-6632
Matthew,Gibson,43,Cambodia,5360000,(864)455-1186x4467
Robert,Hernandez,25,Senegal,6900000,(517)911-7155x186
Tyler,Gilbert,27,Holy See (Vatican City State),8500000,9859499351
Joel,Cooper,36,Somalia,6050000,7645847858
Keith,Hill,36,Cambodia,5260000,001-429-485-8587x4492
